Time (s),Volume (m^3),Ne,X(1),NH3(2),NH2OH(3),HNO3(4),CH3OH(5),H2O(6),N2(7),O2(8),NO2(9),NO(10),N2O(11),CO2(12),H2(13),CO(14),CH4(15),C2H6(16),CH2O(17),CH3(18),C3H8(19),H(20),C2H5(21),HCO(22),CH3CHO(23),OH(24),C2H4(25),H2OX(30)
0.0,0.05820194281292722,0.0,0.014451542400449827,0.031075110263184432,0.31940968187635516,0.35048479213953954,0.20701222018021495,0.09201819554070598,0.0,0.0,0.0,0.0,0.0,0.0,0.0,0.0,0.0,0.0,0.0,0.0,0.0,0.0,0.0,0.0,0.0,0.0,0.0,0.0
1.6601930437465984e-24,0.05820194281292722,0.0,0.014451542400449827,0.031075110263184432,0.31940968187635516,0.35048479213953954,0.20701222018021495,0.09201819554070598,0.0,2.4815095678272044e-73,8.941299950364214e-25,4.9630186943062494e-73,0.0,-6.341545983507213e-156,2.2431812094358903e-71,1.0093111840282003e-116,3.493787645147797e-61,1.8131645627381996e-90,3.859144217458303e-80,5.672368090340092e-38,-2.4990004468070307e-136,1.93191810971904e-49,4.816228830393948e-95,1.4474481092318421e-117,-5.080114635474472e-150,8.941299950364776e-25,2.0436998738130582e-117,2.598076211257963e-19
4.6485405224904756e-24,0.05820194281292722,0.0,0.014451542400449827,0.031075110263184432,0.31940968187635516,0.35048479213953954,0.20701222018021495,0.09201819554070598,0.0,3.750057258904429e-72,2.50356398610198e-24,7.500113850843521e-72,0.0,1.2555117364679726e-154,1.3548814560022488e-70,2.8465000309335144e-115,2.1102477376692695e-60,2.74005178765864e-89,5.831938741420674e-79,1.588263065295226e-37,-2.499000444995676e-136,5.409370707213313e-49,7.278305995817425e-94,4.313987514796518e-116,-5.0801146286028e-150,2.503563986102138e-24,5.763565699265252e-116,7.274613391519552e-19
1.062523547997823e-23,0.05820194281292722,0.0,0.014451542400449826,0.031075110263184432,0.31940968187635516,0.35048479213953954,0.20701222018021495,0.09201819554070598,0.0,4.034140474229861e-71,5.7224319682330976e-24,8.068280230968847e-71,0.0,1.3512465242186267e-152,6.523171038011858e-70,6.1918295204336226e-114,1.0159934472089793e-59,2.9476195261353306e-88,6.273733571434964e-78,3.630315577817659e-37,-2.4990003559181377e-136,1.2364275902201859e-48,7.829663001689681e-93,9.58488434528012e-115,-5.080113945294079e-150,5.722431968233459e-24,1.253700483327319e-114,1.6627687752031753e-18
2.257862539495374e-23,0.05820194281292722,0.0,0.014451542400449824,0.031075110263184432,0.31940968187635516,0.35048479213953954,0.20701222018021495,0.09201819554070598,0.0,3.708070117017022e-70,1.2160167932495331e-23,7.416139574536319e-70,0.0,1.1079315366981361e-150,2.848840218921215e-69,1.1478849721702173e-112,4.437110309337701e-59,2.7093699100815822e-87,5.766642021261145e-77,7.714420602862525e-37,-2.4989968761201917e-136,2.627408629217895e-48,7.1968086883227e-92,1.8459772487072238e-113,-5.080060108883337e-150,1.2160167932496101e-23,2.3241491610748494e-113,3.533383647301225e-18
4.648540522490476e-23,0.05820194281292722,0.0,0.01445154240044982,0.031075110263184432,0.31940968187635516,0.35048479213953954,0.20701222018021495,0.09201819554070598,0.0,3.1723320533990676e-69,2.50356398610198e-23,6.344663542583945e-69,0.0,8.416844258108357e-149,1.1893347515723235e-68,1.9730037582518085e-111,1.8524062094573617e-58,2.3179229757129063e-86,4.9334836578659894e-76,1.588263065295226e-36,-2.498874292104495e-136,5.409370707213313e-48,6.15702130169616e-91,3.409797643356738e-112,-5.076250007500471e-150,2.5035639861021386e-23,3.994618531952934e-112,7.274613391479758e-18
9.42989648848068e-23,0.05820194281292722,0.0,0.014451542400449813,0.031075110263184432,0.31940968187635516,0.35048479213953954,0.20701222018021495,0.09201819554070596,0.0,2.622945488637282e-68,5.0786583718068734e-23,5.245890510771361e-68,0.0,6.423427667087103e-147,4.85882085490914e-68,3.270383400362255e-110,7.567683790895933e-58,1.9165035382074755e-85,4.079099692543286e-75,3.221905075313172e-36,-2.4947621816711612e-136,1.0973294863204147e-47,5.090744272547881e-90,6.437140186146729e-111,-4.820042912303567e-150,5.0786583718071954e-23,6.6207872542453016e-111,1.4757072879766565e-17
1.8992608420461086e-22,0.05820194281292722,0.0,0.014451542400449798,0.031075110263184432,0.31940968187635516,0.35048479213953954,0.20701222018021495,0.09201819554070595,0.0,2.1329357105835475e-67,1.022884714321666e-22,4.265871041814437e-67,0.0,5.2110056726220195e-145,1.9640133376301447e-67,5.325865026977579e-109,3.058978785133862e-57,1.558468848554703e-84,3.3170561260028902e-74,6.489189095349066e-36,-2.3600642415618836e-136,2.2101143175185815e-47,4.139708697022419e-89,1.3039638702765e-109,1.1984142367004195e-149,1.0228847143217309e-22,1.0780235714223065e-109,2.9721991856059146e-17
3.81180322844219e-22,0.05820194281292722,0.0,0.014451542400449768,0.031075110263184432,0.31940968187635516,0.35048479213953954,0.20701222018021495,0.09201819554070592,0.0,1.7202899214882022e-66,2.0529224686036234e-22,3.4405795370147424e-66,0.0,4.667901675294795e-143,7.89721335884649e-67,8.598851686003236e-108,1.2300019156248617e-56,1.2569615857478485e-83,2.6753259342318828e-73,1.3023757135420852e-35,2.0006807303738553e-136,4.435683979914913e-47,3.338825035348387e-88,2.930462467923072e-108,1.1006583452376934e-147,2.0529224686037537e-22,1.7399343904944737e-108,5.965182980752018e-17
7.636888001234352e-22,0.05820194281292722,0.0,0.014451542400449708,0.031075110263184432,0.31940968187635516,0.35048479213953954,0.20701222018021495,0.09201819554070587,0.0,1.3818304183185402e-65,4.112997977167538e-22,2.763660590872035e-65,0.0,4.669051030066325e-141,3.1671374597434054e-66,1.3827393026508604e-106,4.932857813458297e-56,1.0096599021738144e-82,2.1489672808406524e-72,2.6092893215564423e-35,1.4235627777839262e-134,8.886823304707572e-47,2.6819258414817756e-87,7.363441223893261e-107,7.120138153567722e-146,4.1129979771677987e-22,2.796027855717132e-107,1.1951150570594568e-16
1.5287057546818679e-21,0.05820194281292722,0.0,0.014451542400449588,0.031075110263184432,0.31940968187635516,0.35048479213953954,0.20701222018021495,0.09201819554070574,0.0,1.107708116578816e-64,8.233148994295368e-22,2.2154160361465282e-64,0.0,5.132737619726302e-139,1.268508308864553e-65,2.220166570679794e-105,1.9757160903567095e-55,8.093673824192647e-82,1.722663264386731e-71,5.223116537585157e-35,4.646765094869874e-133,1.7789101954292875e-46,2.149895517777178e-86,2.0319249050618394e-105,4.5713137408199383e-144,8.233148994295889e-22,4.483373041006408e-106,2.392308574848105e-16
3.0587396637987328e-21,0.05820194281292722,0.0,0.014451542400449349,0.031075110263184432,0.31940968187635516,0.35048479213953954,0.20701222018021495,0.0920181955407055,0.0,8.870648840760954e-64,1.6473451028551029e-21,1.7741296103835246e-63,0.0,6.027432415553807e-137,5.077349909296957e-65,3.5656475867172967e-104,7.908013226155227e-55,6.481503317662185e-81,1.3795277528930469e-70,1.0450770969642585e-34,1.4899665576045142e-131,3.5593659253463415e-46,1.7216600562093857e-85,5.9814489919478e-104,2.930165854582021e-142,1.647345102855207e-21,7.181188528188097e-105,4.786695609705955e-16
6.118807482032463e-21,0.05820194281292722,0.0,0.01445154240044887,0.031075110263184432,0.31940968187635516,0.35048479213953954,0.20701222018021495,0.09201819554070502,0.0,7.100114392096722e-63,3.295405509706235e-21,1.420022752140467e-62,0.0,7.367117955355992e-135,2.0316099986194743e-64,5.738621909489343e-103,3.16423535688592e-54,5.18782964067914e-80,1.1041813319906533e-69,2.0906079833757444e-34,4.771536760261794e-130,7.12027738518042e-46,1.3780258426216385e-84,1.830613090369849e-102,1.8767545077077343e-140,3.2954055097064435e-21,1.1496138529649859e-103,9.575469676543863e-16
1.2238943118499922e-20,0.05820194281292722,0.0,0.014451542400447912,0.031075110263184432,0.31940968187635516,0.35048479213953954,0.20701222018021495,0.09201819554070406,0.0,5.681529992734605e-62,6.591526323408499e-21,1.1363058974982352e-61,0.0,9.2069332046706e-133,8.127832346352276e-64,9.281877674392646e-102,1.265900185386942e-53,4.151314763819175e-79,8.835687720898743e-69,4.181669756198716e-34,1.527463390981194e-128,1.4242100304848476e-45,1.102699861333665e-83,5.724331377302789e-101,1.2015865959168546e-138,6.5915263234089155e-21,1.8398812576964148e-102,1.9153017798708523e-15
2.4479214391434845e-20,0.05820194281292722,0.0,0.014451542400445997,0.031075110263184432,0.31940968187635516,0.35048479213953954,0.20701222018021495,0.09201819554070215,0.0,4.545799456064475e-61,1.3183767950813028e-20,9.091598103637118e-61,0.0,1.1642085276791363e-130,3.2514531026751244e-63,1.516535321652861e-100,5.064012856160663e-53,3.3214722828979927e-78,7.069445111964448e-68,8.36379330184466e-34,4.888796488580514e-127,2.848574614418416e-45,8.822715775967033e-83,1.8103963901043002e-99,7.691638890415292e-137,1.3183767950813861e-20,2.9442093435535576e-101,3.83081139969932e-15
4.895975693730469e-20,0.05820194281292722,0.0,0.014451542400442167,0.031075110263184432,0.31940968187635516,0.35048479213953954,0.20701222018021495,0.09201819554069832,0.0,3.636869763653225e-60,2.6368251205622082e-20,7.273738880472042e-60,0.0,1.4810457340041716e-128,1.30067861571446e-62,2.5265748604747807e-99,2.0256875683215717e-52,2.657346025322026e-77,5.65591408552118e-67,1.6728040393136547e-33,1.564561062330291e-125,5.697303782285385e-45,7.05861940216346e-82,5.7590379911666084e-98,4.923124639015098e-135,2.636825120562375e-20,4.711054437428835e-100,7.661830620938403e-15
9.792084202904438e-20,0.05820194281292722,0.0,0.014451542400434505,0.031075110263184432,0.31940968187635516,0.35048479213953954,0.20701222018021495,0.09201819554069066,0.0,2.909587893253439e-59,5.27372177152402e-20,5.819175269022974e-59,0.0,1.889887328576335e-126,5.2031759334972865e-62,4.3625198006189564e-98,8.102915127935248e-52,2.1259441019123986e-76,4.524874471167105e-66,3.3456534575720325e-33,5.006829308362257e-124,1.1394762118018638e-44,5.647074239740878e-81,1.837414722687383e-96,3.1509527841972933e-133,5.273721771524353e-20,7.537942699182715e-99,1.5323868989745157e-14
1.9584301221252376e-19,0.05820194281292722,0.0,0.01445154240041918,0.031075110263184432,0.31940968187635516,0.35048479213953954,0.20701222018021495,0.09201819554067533,0.0,2.327707148097136e-58,1.0547515073447643e-19,4.6554138822005975e-58,0.0,2.4153107320044936e-124,2.0815760432883153e-61,8.003728798517734e-97,3.241199022397022e-51,1.7007821946024956e-75,3.6199568589078136e-65,6.691352294088787e-33,1.6022228050885486e-122,2.278967878948243e-44,4.5177308800875856e-80,5.870962768332071e-95,2.0166597298129094e-131,1.054751507344831e-19,1.206091280177464e-97,3.0647945432673014e-14
3.916873525794825e-19,0.05820194281292722,0.0,0.014451542400388533,0.031075110263184432,0.31940968187635516,0.35048479213953954,0.20701222018021495,0.09201819554064469,0.0,1.8621804519878716e-57,2.109510167729489e-19,3.724360572778183e-57,0.0,3.0892008183349334e-122,8.328622517705167e-61,1.608155448162543e-95,1.2964862032324642e-50,1.360636520993161e-74,2.895988400090715e-64,1.3382749967122297e-32,5.127172859341925e-121,4.557951213239912e-44,3.61421329960619e-79,1.877305754855498e-93,1.290679467191828e-129,2.1095101677296223e-19,1.929762407077669e-96,6.129609713978621e-14
7.833760333133999e-19,0.05820194281292722,0.0,0.014451542400327236,0.031075110263184432,0.31940968187635516,0.35048479213953954,0.20701222018021495,0.0920181955405834,0.0,1.4897502550168438e-56,4.219027488498938e-19,2.9795002450745918e-56,0.0,3.9526429915304554e-120,3.3332782796790283e-60,3.621217616371266e-94,5.185958001504292e-50,1.0885135229354207e-73,2.3167998852933202e-63,2.6765545313189313e-32,1.6407048963427363e-119,9.115917881818897e-44,2.891382077943033e-78,6.0051346571777005e-92,8.260419842651076e-128,4.219027488499205e-19,3.087632938422399e-95,1.2259239583904275e-13
1.5667533947812348e-18,0.05820194281292722,0.0,0.014451542400204643,0.031075110263184432,0.31940968187635516,0.35048479213953954,0.20701222018021495,0.0920181955404608,0.0,1.1918025613885898e-55,8.438062130037836e-19,2.3836049108094834e-55,0.0,5.058401224393762e-118,1.3347696493270793e-59,9.14807315193981e-93,2.0743858383177625e-49,8.70812540807979e-73,1.8534435743299484e-62,5.353113600532335e-32,5.250270998513238e-118,1.8231851218959456e-43,2.3131102376663862e-77,1.9212840866598508e-90,5.2867120876044495e-126,8.438062130038369e-19,4.940223171193333e-94,2.4518497437767954e-13
3.1335081177169045e-18,0.05820194281292722,0.0,0.014451542399959457,0.031075110263184432,0.31940968187635516,0.35048479213953954,0.20701222018021495,0.09201819554021562,0.0,9.534429920618174e-55,1.6876131413115633e-18,1.90688581454931e-54,0.0,6.474125209305511e-116,5.3507351356946695e-59,2.5370104523848533e-91,8.297548628691863e-49,6.966507216308973e-72,1.4827563259034739e-61,1.0706231738959143e-31,1.6800891723629683e-116,3.646371789317093e-43,1.8504900202596385e-76,6.14753466965272e-89,3.383535972221909e-124,1.68761314131167e-18,7.904365449742872e-93,4.903700560154708e-13
6.267017563588245e-18,0.05820194281292722,0.0,0.014451542399469088,0.031075110263184432,0.31940968187635516,0.35048479213953954,0.20701222018021495,0.09201819553972525,0.0,7.627547708300121e-54,3.3752269979271226e-18,1.525509406000497e-53,0.0,8.286478117925126e-114,2.1496172527341505e-58,7.493835724901072e-90,3.319020506549832e-48,5.573208528986548e-71,1.1862056472988651e-60,2.141246801581276e-31,5.376289276106743e-115,7.292745124131527e-43,1.4803927482586715e-75,1.9671191889162756e-87,2.1655096282092048e-122,3.375226997927336e-18,1.2646991420419868e-91,9.8073991753331e-13
9.400527009459585e-18,0.05820194281292722,0.0,0.014451542398978718,0.031075110263184432,0.31940968187635516,0.35048479213953954,0.20701222018021495,0.09201819553923488,0.0,2.264428544147757e-53,5.062840854542682e-18,4.528856685556237e-53,0.0,5.571361423676224e-113,4.5836688397006635e-58,3.522664851550253e-89,7.052919235823036e-48,1.6545465145753123e-70,3.521548510342177e-60,3.2118704292666376e-31,2.5721137796769093e-114,1.0939118458918102e-42,4.3949165890610533e-75,9.410959641881205e-87,1.2295218072739646e-121,5.062840854543002e-18,4.7846143654229423e-91,1.4711094772935916e-12
1.2534036455330925e-17,0.05820194281292722,0.0,0.014451542398488348,0.031075110263184432,0.31940968187635516,0.35048479213953954,0.20701222018021495,0.0920181955387445,0.0,4.934070996414094e-53,6.750454711158241e-18,9.868141115280433e-53,0.0,2.5634010020516072e-112,7.845385480379669e-58,1.1491822672387679e-88,1.2031451050675534e-47,3.605170050908609e-70,7.673269449040656e-60,4.282494056951999e-31,8.512810276020423e-114,1.458549179367682e-42,9.576292672068672e-75,3.114678391269236e-86,4.7285375023006735e-121,6.750454711158668e-18,1.2454324967984263e-90,1.961478735296502e-12
1.8801055347073604e-17,0.05820194281292722,0.0,0.014451542397507611,0.031075110263184432,0.31940968187635516,0.35048479213953954,0.20701222018021495,0.09201819553776376,0.0,1.4322087135885257e-52,1.0125682424389359e-17,2.8644171724519886e-52,0.0,3.122872944697834e-111,1.6343260898717843e-57,6.571956791460344e-88,2.4909592330157506e-47,1.046469733538946e-69,2.2273135864108137e-59,6.423741312322722e-31,4.9669535974897614e-113,2.1878238463128864e-42,2.7797025658484548e-74,1.817295715902148e-85,3.5989162638456734e-120,1.012568242439e-17,4.57056191158281e-90,2.9422165430968223e-12
2.5068074238816284e-17,0.05820194281292722,0.0,0.014451542396526873,0.031075110263184432,0.31940968187635516,0.35048479213953954,0.20701222018021495,0.09201819553678302,0.0,3.132079060110305e-52,1.3500910137620477e-17,6.264157563165605e-52,0.0,1.4440333885961782e-110,2.7965804768454405e-57,2.1700000877302034e-87,4.2364693372221036e-47,2.288511379912018e-69,4.870883816100521e-59,8.564988567693446e-31,1.6525656131643491e-112,2.9170985132478466e-42,6.078896265066299e-74,6.046338165039763e-85,1.358978405876521e-119,1.3500910137621332e-17,1.1851809756294354e-89,3.922953241229206e-12
3.1335093130558964e-17,0.05820194281292722,0.0,0.014451542395546139,0.031075110263184432,0.31940968187635516,0.35048479213953954,0.20701222018021495,0.09201819553580227,0.0,5.876206735936717e-52,1.6876137850851596e-17,1.17524124267624e-51,0.0,5.292402953758252e-110,4.2992142819506256e-57,5.821267588251055e-87,6.472367987410241e-47,4.293558919752611e-69,9.138441189005937e-59,1.0706235823064167e-30,4.455920591550894e-112,3.64637318017183e-42,1.1404837008994754e-73,1.630309187848626e-84,4.1569347774934125e-119,1.6876137850852662e-17,2.5913707622915674e-89,4.903688750432896e-12
4.3869130914044325e-17,0.05820194281292722,0.0,0.01445154239358467,0.031075110263184432,0.31940968187635516,0.35048479213953954,0.20701222018021495,0.09201819553384082,0.0,1.6078372740921973e-51,2.3626593277313832e-17,3.2156742622229654e-51,0.0,8.1938042751833715e-109,8.38404728008862e-57,3.40562599889742e-86,1.244613428418596e-46,1.1747959831758438e-68,2.500444084263648e-58,1.4988730333805611e-30,2.626926751653717e-111,5.104922513986175e-42,3.1205712923381145e-73,9.611224593597242e-84,3.679042426544752e-118,2.3626593277315327e-17,9.967567309826674e-89,6.865156127381026e-12
5.640316869752968e-17,0.05820194281292722,0.0,0.014451542391623207,0.031075110263184432,0.31940968187635516,0.35048479213953954,0.20701222018021495,0.09201819553187934,0.0,3.3895166361060444e-51,3.037704870377607e-17,6.779032669370596e-51,0.0,4.1724158802630146e-108,1.3933800683018428e-56,1.1451476498485527e-85,2.0411628386196465e-46,2.47661289682027e-68,5.27124041582493e-58,1.9271224844547055e-30,8.86029783393469e-111,6.56347184775594e-42,6.578544035500736e-73,3.241741472482596e-83,1.5206155574551487e-117,3.037704870377799e-17,2.64764211636912e-88,8.826618675478311e-12
8.14712442645004e-17,0.05820194281292722,0.0,0.014451542387700297,0.031075110263184432,0.31940968187635516,0.35048479213953954,0.20701222018021495,0.09201819552795644,0.0,1.0339077361453824e-50,4.387795955670054e-17,2.0678152884054063e-50,0.0,6.980984138181039e-107,2.969686063954337e-56,7.803806970963232e-85,4.231696035605364e-46,7.554437721838531e-68,1.607891870760858e-57,2.7836213866029947e-30,6.061302168870807e-110,9.48057051516174e-42,2.0066600347744696e-72,2.2176607507671068e-82,1.6061368051083753e-116,4.387795955670332e-17,1.2015256513607438e-87,1.2749529287217345e-11
1.3160739539844184e-16,0.05820194281292722,0.0,0.014451542379854533,0.031075110263184432,0.31940968187635516,0.35048479213953954,0.20701222018021495,0.09201819552011067,0.0,4.486214043622199e-50,7.087978126254949e-17,8.97242728935011e-50,0.0,2.7037968255674445e-105,8.160752046715626e-56,9.803850235866251e-84,1.1002481276753638e-45,3.27793510141764e-67,6.976780266802286e-57,4.496619190899571e-30,7.638335516615133e-109,1.5314767849438448e-41,8.707069416409655e-72,2.7946485602795005e-81,3.601947323755569e-115,7.087978126255398e-17,8.99488764672287e-87,2.0595292573719576e-11
2.318796976663247e-16,0.05820194281292722,0.0,0.014451542364163239,0.031075110263184432,0.31940968187635516,0.3504847921395395,0.20701222018021495,0.09201819550441938,0.0,2.536308528660969e-49,1.2488342467424738e-16,5.072616606227527e-49,0.0,1.8001210683260245e-103,2.8095520929067954e-55,1.874780041034262e-82,3.410284836356091e-45,1.853200643857376e-66,3.944365364920687e-56,7.922614799492724e-30,1.4636218052153144e-107,2.6983162515852306e-41,4.922594910931202e-71,5.354968027407394e-80,1.3196106337697058e-113,1.248834246742553e-16,9.566685697090708e-86,3.628658740391506e-11
4.3242430220209047e-16,0.05820194281292722,0.0,0.014451542332781574,0.031075110263184432,0.31940968187635516,0.35048479213953937,0.20701222018021495,0.09201819547303772,0.0,1.686462569202276e-48,2.328907114976431e-16,3.372924838459245e-48,0.0,1.6309955929758607e-101,1.1733207526471016e-54,4.572118570056372e-81,1.1853873484431527e-44,1.232245006382183e-65,2.6227189918051957e-55,1.477460601667903e-29,3.573630439089613e-106,5.031995184012208e-41,3.273171211947917e-70,1.307487005268571e-78,6.3356386034561125e-112,2.3289071149765785e-16,1.2403624976551551e-84,6.766825011929195e-11
8.33513511273622e-16,0.05820194281292722,0.0,0.014451542270021956,0.031075110263184432,0.31940968187635516,0.35048479213953915,0.20701222018021495,0.0920181954102781,0.0,1.2264749047824857e-47,4.489052851444346e-16,2.452949591430635e-47,0.0,1.7469936742086839e-99,5.825303653823724e-54,1.2722541930667188e-79,4.403510392847076e-44,8.961465285210308e-65,1.9073646130592996e-54,2.847858845105163e-29,9.950558129673223e-105,9.69935304544317e-41,2.380404062219702e-69,3.6406173687088026e-77,3.5096716316936926e-110,4.48905285144463e-16,1.784041030574319e-83,1.304278679750348e-10
1.2346027203451536e-15,0.05820194281292722,0.0,0.014451542207267281,0.031075110263184432,0.31940968187635516,0.3504847921395389,0.20701222018021495,0.09201819534752342,0.0,3.789349534904039e-47,6.64919858791226e-16,7.578698395854424e-47,0.0,1.4470350839796378e-98,1.546554117340229e-53,7.014017247502102e-79,9.660840445979915e-44,2.7687581847908072e-64,5.893044514164357e-54,4.2182570885424205e-29,5.486760598526538e-104,1.436671090231039e-40,7.354559796440027e-69,2.007444593167327e-76,2.380278470674084e-109,6.64919858791268e-16,7.36377499403847e-83,1.9318254266282927e-10
1.635691929416685e-15,0.05820194281292722,0.0,0.01445154214451755,0.031075110263184432,0.31940968187635516,0.3504847921395387,0.20701222018021495,0.09201819528477369,0.0,8.5232944486542905e-47,8.809344324380169e-16,1.7046587381400538e-46,0.0,7.503316699900249e-98,3.172208532948931e-53,2.486042458302011e-78,1.6957377393713776e-43,6.227702419299581e-64,1.3255085900784196e-53,5.588655331979676e-29,1.944938204204887e-103,1.9034068754614214e-40,1.6542437721275192e-68,7.115957378240005e-76,1.0149328178363179e-108,8.809344324380728e-16,2.0529447027744251e-82,2.5593227455347784e-10
2.0367811384882164e-15,0.05820194281292722,0.0,0.014451542081772758,0.031075110263184432,0.31940968187635516,0.3504847921395385,0.20701222018021495,0.09201819522202889,0.0,1.6116871679369968e-46,1.096949006084808e-15,3.2233740492278435e-46,0.0,2.961247868583359e-97,5.627808017411844e-53,6.883135862482657e-78,2.629312119615227e-43,1.177608979178238e-63,2.5064312848618554e-53,6.959053575416929e-29,5.385381518594832e-103,2.370142660235498e-40,3.1280433595703736e-68,1.970352772898574e-75,3.3212499508981634e-108,1.0969490060848774e-15,4.6296298429775966e-82,3.186770640301142e-10
2.8389595566312795e-15,0.05820194281292722,0.0,0.014451541956298004,0.031075110263184432,0.31940968187635516,0.35048479213953804,0.20701222018021495,0.09201819509655414,0.0,4.24361046792998e-46,1.5289781533783897e-15,8.487220181113862e-46,0.0,2.8454993156842114e-96,1.365295044260615e-52,3.3741802556402133e-77,5.108222933361388e-43,3.1006723206500423e-63,6.599492909782068e-53,9.69985006229143e-29,2.6402201822933636e-102,3.303614228414869e-40,8.236212218406472e-68,9.659788964471247e-75,2.208991282833739e-107,1.5289781533784863e-15,1.6131545082035647e-81,4.441518171615685e-10
3.6411379747743426e-15,0.05820194281292722,0.0,0.014451541830843016,0.031075110263184432,0.31940968187635516,0.3504847921395376,0.20701222018021495,0.09201819497109914,0.0,8.826978950143224e-46,1.9610073006719706e-15,1.7653956330366687e-45,0.0,1.3582370479825302e-95,2.6971978672592674e-52,1.0948809722604944e-76,8.402816478671817e-43,6.449595105985403e-63,1.3727363865393056e-52,1.2440646549165922e-28,8.567615794735481e-102,4.237085794769436e-40,1.7131843846225866e-67,3.134638502923993e-74,8.658979447913266e-107,1.961007300672095e-15,4.152137106277249e-81,5.69606805129089e-10
4.443316392917405e-15,0.05820194281292722,0.0,0.01445154170540779,0.031075110263184432,0.31940968187635516,0.35048479213953715,0.20701222018021495,0.09201819484566391,0.0,1.5943232268547724e-45,2.393036447965551e-15,3.1886461701516525e-45,0.0,4.852897017393804e-95,4.700618325304245e-52,2.8398309362528257e-76,1.2513092751017343e-42,1.1649216951077624e-62,2.479427579662227e-52,1.5181443036040406e-28,2.2222827395406246e-101,5.170557359299496e-40,3.094342551076725e-67,8.130678465855788e-74,2.6306533265302994e-106,2.393036447965703e-15,8.948972373708039e-81,6.950420311662686e-10
5.245494811060468e-15,0.05820194281292722,0.0,0.014451541579992322,0.031075110263184432,0.31940968187635516,0.3504847921395367,0.20701222018021495,0.09201819472024844,0.0,2.6168914579923718e-45,2.8250655952591313e-15,5.233782450558279e-45,0.0,1.4690175319785421e-94,7.516488801431074e-52,6.382468848216616e-76,1.7439051748749268e-42,1.9120800486432237e-62,4.06968470673846e-52,1.792223952291488e-28,4.994655450574583e-101,6.104028922005347e-40,5.078994305307556e-67,1.8273974011275905e-73,6.846669026833663e-106,2.82506559525931e-15,1.713632717132635e-80,8.204574984788087e-10
6.849851647346594e-15,0.05820194281292722,0.0,0.01445154132922065,0.031075110263184432,0.31940968187635516,0.3504847921395358,0.20701222018021495,0.09201819446947676,0.0,5.816072815573634e-45,3.68912388984629e-15,1.1632144596731335e-44,0.0,1.138118632631859e-93,1.6126328083808387e-51,2.4993988952401216e-75,2.973801791592241e-42,4.249620960835034e-62,9.044923326310264e-52,2.3403832496663813e-28,1.9559923268781779e-100,7.970972041945554e-40,1.1288126077729847e-66,7.156400009551278e-73,3.705767888223342e-105,3.689123889846523e-15,4.992859589527775e-80,1.0712291692258107e-09
8.274231902102094e-15,0.05820194281292722,0.0,0.014451541106646724,0.031075110263184432,0.31940968187635516,0.35048479213953504,0.20701222018021495,0.09201819424690286,0.0,1.0245602757521299e-44,4.456252215622415e-15,2.0491203692813913e-44,0.0,4.227003867714515e-93,2.7830640955183183e-51,6.42733331797752e-75,4.339152865835668e-42,7.486138777039593e-62,1.5933550750167668e-51,2.8270500945865303e-28,5.030020895195169e-100,9.628481672498965e-40,1.988518014416036e-66,1.8403365272881108e-72,1.1530379133874674e-104,4.456252215622697e-15,1.0624073604754407e-79,1.2938030976545277e-09
9.698612156857594e-15,0.05820194281292722,0.0,0.014451540884135044,0.031075110263184432,0.31940968187635516,0.35048479213953426,0.20701222018021495,0.09201819402439117,0.0,1.6496320750104671e-44,5.223380541398539e-15,3.299263856626105e-44,0.0,1.2553043314338944e-92,4.4151846607578265e-51,1.4165734244636853e-74,5.9616803931788e-42,1.2053341259515882e-61,2.5654416834566608e-51,3.313716939506677e-28,1.1086212166178943e-99,1.1285991297305142e-39,3.201688739990134e-66,4.056118552579622e-72,2.9745038754518193e-104,5.223380541398869e-15,2.002763919777671e-79,1.5163147755648727e-09
1.1122992411613094e-14,0.05820194281292722,0.0,0.014451540661685601,0.031075110263184432,0.31940968187635516,0.3504847921395335,0.20701222018021495,0.09201819380194173,0.0,2.48814452281727e-44,5.990508867174661e-15,4.976288603106324e-44,0.0,3.20634781658757e-92,6.58555866644652e-51,2.7965506049847665e-74,7.84138437234978e-42,1.818008723934486e-61,3.8694626335143826e-51,3.800383784426821e-28,2.1886210565553466e-99,1.2943500916365688e-39,4.829115790635641e-66,8.007519880085923e-72,6.73014698540567e-104,5.99050886717504e-15,3.458993280797467e-79,1.73876422035555e-09
1.3971752921124096e-14,0.05820194281292722,0.0,0.014451540216973341,0.031075110263184432,0.31940968187635516,0.35048479213953193,0.20701222018021495,0.09201819335722945,0.0,4.930824455738695e-44,7.524765518726901e-15,9.861648034507048e-44,0.0,1.6507178544582523e-91,1.2847435402497554e-50,8.808719655886604e-74,1.237232168117583e-41,3.602797906036569e-61,7.668220559108152e-51,4.773717474267102e-28,6.893919542484229e-99,1.6258520137256317e-39,9.569991622953762e-66,2.5222821125450014e-71,2.7354409481337074e-103,7.524765518727376e-15,8.623517695791197e-79,2.1834764801651863e-09
1.9669273940146098e-14,0.05820194281292722,0.0,0.014451539328294852,0.031075110263184432,0.31940968187635516,0.3504847921395289,0.20701222018021495,0.09201819246855097,0.0,1.3756372392993605e-43,1.0593278821831358e-14,2.7512742339351614e-43,0.0,2.11175794901463e-90,3.520086016865854e-50,5.059979556034559e-73,2.4520313665957436e-41,1.0051347416040036e-60,2.1393358970614105e-50,6.720384853947632e-28,3.960122860447413e-98,2.2888558510160667e-39,2.669905808752875e-65,1.4488923050182445e-70,2.397567089780072e-102,1.0593278821832026e-14,3.4256358369915696e-78,3.072154967640324e-09
2.5366794959168102e-14,0.05820194281292722,0.0,0.014451538440610149,0.031075110263184432,0.31940968187635516,0.3504847921395258,0.20701222018021495,0.09201819158086626,0.0,2.9507056830795298e-43,1.3661792124935787e-14,5.901410841362163e-43,0.0,1.1751568612769505e-89,7.474651196228482e-50,1.7899597716321463e-72,4.0783128740727383e-41,2.1559875740367064e-60,4.588819209845053e-50,8.667052233628121e-28,1.4008974469679692e-97,2.951859679131469e-39,5.726877710279393e-65,5.1254710896379825e-70,1.0980920398164442e-101,1.366179212493665e-14,9.467130136589282e-78,3.959839672573084e-09
3.1064315978190105e-14,0.05820194281292722,0.0,0.014451537553918117,0.031075110263184432,0.31940968187635516,0.35048479213952277,0.20701222018021495,0.09201819069417425,0.0,5.4188859698758445e-43,1.673030542804019e-14,1.083777097597731e-42,0.0,4.5337656147805434e-89,1.363878801390823e-49,4.855206521867835e-72,6.116076682626559e-41,3.9594090604051513e-60,8.427234263694535e-50,1.0613719613308568e-27,3.799905173940687e-97,3.614863498082097e-39,1.0517245909472782e-64,1.3902733642684087e-69,3.64925090047844e-101,1.673030542804125e-14,2.119971756505495e-77,4.846531706339462e-09
3.619208489530991e-14,0.05820194281292722,0.0,0.014451536756743101,0.031075110263184432,0.31940968187635516,0.35048479213952,0.20701222018021495,0.09201818989699923,0.0,8.569655180192704e-43,1.9491967400834132e-14,1.7139308836231885e-42,0.0,1.2694662040009802e-88,2.1480972988993753e-49,1.0281224320067739e-71,8.301881471209823e-41,6.26157674356452e-60,1.3327184252268305e-49,1.2365720255020939e-27,8.046576355492701e-97,4.2115669273102505e-39,1.6632416956272516e-64,2.944005245289441e-69,9.068380834029482e-101,1.9491967400835363e-14,3.889223831745488e-77,5.643706720483833e-09
4.131985381242971e-14,0.05820194281292722,0.0,0.014451535960370444,0.031075110263184432,0.31940968187635516,0.3504847921395172,0.20701222018021495,0.09201818910062655,0.0,1.2752568913013645e-42,2.225362937362805e-14,2.550513555792287e-42,0.0,3.1199315795712014e-88,3.186756609573181e-49,1.978688745086449e-71,1.0820986911505912e-40,9.317899874313711e-60,1.9832284032419995e-49,1.4117720896733276e-27,1.5486196131016868e-96,4.808270349130699e-39,2.4750825904300107e-64,5.665942951579991e-69,2.0143877086637316e-100,2.2253629373629456e-14,6.589439707284331e-77,6.440079378573185e-09
4.6447622729549514e-14,0.05820194281292722,0.0,0.014451535164799332,0.031075110263184432,0.31940968187635516,0.35048479213951444,0.20701222018021495,0.09201818830505544,0.0,1.811386396422553e-42,2.501529134642195e-14,3.622772470681507e-42,0.0,6.946787502600152e-88,4.515603345156983e-49,3.532692848029822e-71,1.3673392997767812e-40,1.3235229066933544e-59,2.816995520773408e-49,1.5869721538445576e-27,2.764864912078534e-96,5.404973763550895e-39,3.515629646785844e-64,1.0115826193575909e-68,4.098392187899087e-100,2.5015291346423526e-14,1.0501075370404108e-76,7.235650488195554e-09
5.1575391646669317e-14,0.05820194281292722,0.0,0.014451534370028964,0.031075110263184432,0.31940968187635516,0.35048479213951167,0.20701222018021495,0.09201818751028508,0.0,2.4799776833529273e-42,2.7776953319215824e-14,4.9599549256301485e-42,0.0,1.426836570769557e-87,6.170384044994927e-49,5.9409095490615006e-71,1.6859099724257056e-40,1.8120414719291107e-59,3.856761892117851e-49,1.7621722180157847e-27,4.649664287197979e-96,6.001677170578287e-39,4.813265178639779e-64,1.7011751838899267e-68,7.76794268313619e-100,2.7776953319217575e-14,1.5942172020770816e-76,8.030420856116055e-09
5.670316056378912e-14,0.05820194281292722,0.0,0.014451533576058533,0.031075110263184432,0.31940968187635516,0.3504847921395089,0.20701222018021495,0.09201818671631463,0.0,3.2956543905389454e-42,3.053861529200968e-14,6.591308194930242e-42,0.0,2.7433216565036146e-87,8.186845220262478e-49,9.516075470608178e-71,2.037810708524374e-40,2.4080307145053926e-59,5.12526961365103e-49,1.9373722821870083e-27,7.44778352303413e-96,6.598380570220311e-39,6.396371477571195e-64,2.724924578183556e-68,1.3895718107088737e-99,3.0538615292011605e-14,2.326803062412517e-76,8.824391288285813e-09
6.695869839802873e-14,0.05820194281292722,0.0,0.014451531990514258,0.031075110263184432,0.31940968187635516,0.3504847921395034,0.20701222018021495,0.09201818513077036,0.0,5.426758627101645e-42,3.606193923759732e-14,1.0853516289028718e-41,0.0,8.687421964672872e-87,1.3447795060458997e-48,2.1757732877231928e-70,2.8416023687830757e-40,3.9651613627273145e-59,8.439477504664556e-49,2.287772410529445e-27,1.702878245997844e-95,7.791787347377987e-39,1.0532525557807968e-63,6.230329825424692e-68,3.879566728232634e-99,3.60619392375996e-14,4.517035851481568e-76,1.0409935565360849e-08
7.721423623226833e-14,0.05820194281292722,0.0,0.014451530408160067,0.031075110263184432,0.31940968187635516,0.3504847921394979,0.20701222018021495,0.09201818354841616,0.0,8.321688211344406e-42,4.158526318318488e-14,1.664337494263739e-41,0.0,2.337045105484688e-86,2.058442494943706e-48,4.4253745557844305e-70,3.7787142759862826e-40,6.0803951005848985e-59,1.2941555961183773e-48,2.6381725388718693e-27,3.463542929003827e-95,8.985194095083281e-39,1.6151150215593567e-63,1.2672083190565543e-67,9.406423826035e-99,4.158526318318749e-14,7.979444468121611e-76,1.199228975081938e-08
8.644422028308398e-14,0.05820194281292722,0.0,0.014451528986763528,0.031075110263184432,0.31940968187635516,0.3504847921394929,0.20701222018021495,0.09201818212701962,0.0,1.1676887012756308e-41,4.65562547342136e-14,2.3353771948723284e-41,0.0,5.11839844005539e-86,2.8847454237588716e-48,7.772127406886502e-70,4.736103799843814e-40,8.531933038016987e-59,1.815942665599952e-48,2.953532654380039e-27,6.082902561035372e-95,1.0059260142885228e-38,2.2663088474815396e-63,2.2255548389189137e-67,1.903521413055063e-98,4.6556254734216534e-14,1.2528786738484647e-75,1.341368629428479e-08
9.567420433389963e-14,0.05820194281292722,0.0,0.014451527567941089,0.031075110263184432,0.31940968187635516,0.3504847921394879,0.20701222018021495,0.09201818070819719,0.0,1.583083060709756e-41,5.1527246285242264e-14,3.166165839860738e-41,0.0,1.0341166925034825e-85,3.906989547136495e-48,1.2894300075589946e-69,5.801482716729444e-40,1.1567088602329613e-58,2.4619473237951593e-48,3.268892769888198e-27,1.0091809662028642e-94,1.1133326166921838e-38,3.0725270723823893e-63,3.6922958393884616e-67,3.5923613377398826e-98,5.152724628524551e-14,1.8794350774446976e-75,1.4832508732383703e-08
1.0490418838471527e-13,0.05820194281292722,0.0,0.014451526151688095,0.031075110263184432,0.31940968187635516,0.3504847921394829,0.20701222018021495,0.0920181792919442,0.0,2.0868804076200519e-41,5.649823783627084e-14,4.1737604440785986e-41,0.0,1.960310299933765e-85,5.1460222358731065e-48,2.0421267144943713e-69,6.974851023342747e-40,1.5248176912829843e-58,3.2454327647958245e-48,3.584252885396346e-27,1.5982850470995096e-94,1.220739216723614e-38,4.0503222530609237e-63,5.847654112763084e-67,6.410106727586524e-98,5.64982378362744e-14,2.71612122018508e-75,1.6248761726779136e-08
1.141341724355309e-13,0.05820194281292722,0.0,0.014451524737999889,0.031075110263184432,0.31940968187635516,0.3504847921394779,0.20701222018021495,0.092018177878256,0.0,2.687609249587464e-41,6.146922938729935e-14,5.375218021170972e-41,0.0,3.5281756904581445e-85,6.622690859293074e-48,3.1118728603491443e-69,8.256208716392211e-40,1.963751308442401e-58,4.1796621817571164e-48,3.8996130009044835e-27,2.4355307820352213e-94,1.3281458143871086e-38,5.216246945147208e-63,8.91088959133743e-67,1.0923519002455247e-97,6.146922938730322e-14,3.8053240176168013e-75,1.7662449930750945e-08
1.2336415648634656e-13,0.05820194281292722,0.0,0.01445152332687183,0.031075110263184432,0.31940968187635516,0.3504847921394729,0.20701222018021495,0.09201817646712794,0.0,3.393798093602524e-41,6.644022093832779e-14,6.787595583602079e-41,0.0,6.075549207409259e-85,8.357842785277623e-48,4.589941697929881e-69,9.64555579259538e-40,2.479741222770448e-58,5.2778987669160183e-48,4.21497311641261e-27,3.592354120139791e-94,1.4355524096869546e-38,6.586853703125396e-63,1.314336536646023e-66,1.7900747307896198e-97,6.644022093833198e-14,5.193371113610728e-75,1.907357798907325e-08
1.325941405371622e-13,0.05820194281292722,0.0,0.01445152191829928,0.031075110263184432,0.31940968187635516,0.3504847921394679,0.20701222018021495,0.09201817505855538,0.0,4.2139754467666565e-41,7.141121248935615e-14,8.427950144057939e-41,0.0,1.0066139202371136e-84,1.0372325381979122e-47,6.58336916256705e-69,1.1142892248678829e-39,3.0790189454073842e-58,6.553405712681964e-48,4.530333231920726e-27,5.152527850981877e-94,1.5429590026274315e-38,8.178695081694864e-63,1.885158139391741e-66,2.835428336403924e-97,7.141121248936065e-14,6.930532026205897e-75,2.0482150538025107e-08
1.4596049711340515e-13,0.05820194281292722,0.0,0.014451519883002344,0.031075110263184432,0.31940968187635516,0.3504847921394607,0.20701222018021495,0.09201817302325843,0.0,5.621147560980293e-41,7.860992976153427e-14,1.124229412221303e-40,0.0,1.9743313676422742e-84,1.3827214963017765e-47,1.0641821130642112e-68,1.3502678486223985e-39,4.1071952254654056e-58,8.741783383247128e-48,4.987020451595171e-27,8.328912476355072e-94,1.698499334382683e-38,1.0909805358676395e-62,3.047303691886542e-66,5.245153463163213e-97,7.860992976153923e-14,1.0176261893552131e-74,2.2517447476323898e-08
1.593268536896481e-13,0.05820194281292722,0.0,0.014451517853040899,0.031075110263184432,0.31940968187635516,0.3504847921394535,0.20701222018021495,0.09201817099329698,0.0,7.311153664385228e-41,8.580864703371223e-14,1.4622306028447358e-40,0.0,3.651639081549918e-84,1.797492744148635e-47,1.6493747283573274e-68,1.6088931865797377e-39,5.342029380521992e-58,1.1370013137413973e-47,5.443707671269592e-27,1.290897765529715e-93,1.8540396612119444e-38,1.4189854039678983e-62,4.7230146036669636e-66,9.213988780585524e-97,8.580864703371766e-14,1.4447403212019225e-74,2.4547408921066286e-08
1.7269321026589104e-13,0.05820194281292722,0.0,0.014451515828400962,0.031075110263184432,0.31940968187635516,0.3504847921394463,0.20701222018021495,0.09201816896865704,0.0,9.309894326799167e-41,9.300736430589004e-14,1.8619786997789796e-40,0.0,6.424645551387931e-84,2.2878775036971797e-47,2.467633650377964e-68,1.8901652377556753e-39,6.8024461400097e-58,1.4478374503231302e-47,5.900394890943992e-27,1.931316006559282e-93,2.0095799831281257e-38,1.8069110250770474e-62,7.066116268117437e-66,1.5489962068393448e-96,9.300736430589589e-14,1.9940051730868974e-74,2.6572048859213136e-08
1.86059566842134e-13,0.05820194281292722,0.0,0.014451513809068579,0.031075110263184432,0.31940968187635516,0.35048479213943906,0.20701222018021495,0.09201816694932466,0.0,1.1643270117050916e-40,1.002060815780677e-13,2.3286538163291422e-40,0.0,1.0830537599525676e-83,2.860206996664411e-47,3.5824195432256645e-68,2.1940840011698815e-39,8.507370232638533e-58,1.8107147007210022e-47,6.3570821106183686e-27,2.8038141510436695e-93,2.1651203001441043e-38,2.25978431160994e-62,1.0258329923634678e-65,2.5077915191277196e-96,1.0020608157807403e-13,2.686751165939916e-74,2.8591381240974815e-08
1.9942592341837694e-13,0.05820194281292722,0.0,0.014451511795029839,0.031075110263184432,0.31940968187635516,0.35048479213943184,0.20701222018021495,0.09201816493528593,0.0,1.4337181604558428e-40,1.0740479885024521e-13,2.867436065918161e-40,0.0,1.7601048161918005e-83,3.5208124449113786e-47,5.067852049931771e-68,2.520649475845896e-39,1.0475726387548953e-57,2.2296610176777253e-47,6.813769330292722e-27,3.966402751834647e-93,2.3206606122727218e-38,2.7826321760957713e-62,1.4511899091832943e-65,3.930434714357877e-96,1.0740479885025199e-13,3.546023861473159e-74,3.060541998004508e-08
2.1279227999461988e-13,0.05820194281292722,0.0,0.014451509786270864,0.031075110263184432,0.31940968187635516,0.35048479213942463,0.20701222018021495,0.09201816292652694,0.0,1.7417529358153127e-40,1.146035161224226e-13,3.4835055618516666e-40,0.0,2.7710393258725377e-83,4.2760250701557954e-47,7.0094906452833416e-68,2.869861660811126e-39,1.2726439333452872e-57,2.708704353844797e-47,7.270456549967052e-27,5.486045878067732e-93,2.476200919526788e-38,3.3804815309498966e-62,2.0071825572468777e-65,5.9886608689326266e-96,1.146035161224298e-13,4.5965891589880174e-74,3.261417895357721e-08
2.310810699966176e-13,0.05820194281292722,0.0,0.014451507046274627,0.031075110263184432,0.31940968187635516,0.3504847921394148,0.20701222018021495,0.0920181601865307,0.0,2.2305504637738317e-40,1.244533078531478e-13,4.461100530833763e-40,0.0,4.933836994468254e-83,5.474161504815483e-47,1.0585669719810555e-67,3.3843709416439006e-39,1.629792869798384e-57,3.468862677625636e-47,7.89532815275406e-27,8.284979190535842e-93,2.689022109410133e-38,4.3291643100394285e-62,3.0312297937889484e-65,1.024355179239405e-95,1.2445330785315565e-13,6.3924424599646824e-74,3.535417519451934e-08
2.493698599986153e-13,0.05820194281292722,0.0,0.01445150431610172,0.031075110263184432,0.31940968187635516,0.350484792139405,0.20701222018021495,0.09201815745635779,0.0,2.8031789627217124e-40,1.3430309958387278e-13,5.60635742688485e-40,0.0,8.406514687207026e-83,6.877489388417211e-47,1.54919448086898e-67,3.941278571103255e-39,2.048194452629868e-57,4.3593915674245447e-47,8.520199755541023e-27,1.212492650518297e-92,2.901843290224058e-38,5.440550445801017e-62,4.43615338306938e-65,1.6844075696949154e-95,1.3430309958388124e-13,8.669285003438513e-74,3.808434810146944e-08
2.6765865000061304e-13,0.05820194281292722,0.0,0.014451501595716927,0.031075110263184432,0.31940968187635516,0.35048479213939515,0.20701222018021495,0.09201815473597301,0.0,3.4662731908597065e-40,1.4415289131459746e-13,6.932545765226409e-40,0.0,1.3792187086810562e-82,8.502226945929946e-47,2.2068938021761074e-67,4.5405845467326126e-39,2.5326964903892538e-57,5.390609133264776e-47,9.145071358327942e-27,1.7272479547089446e-92,3.1146644620010655e-38,6.727517010004502e-62,6.319491382838508e-65,2.6772536252177688e-95,1.441528913146065e-13,1.1506182610195054e-73,4.080473289267214e-08
2.8594744000261075e-13,0.05820194281292722,0.0,0.014451498885085162,0.031075110263184432,0.31940968187635516,0.3504847921393853,0.20701222018021495,0.09201815202534122,0.0,4.226467906389377e-40,1.5400268304532187e-13,8.45293506108154e-40,0.0,2.1899044577145835e-82,1.0364592402324763e-46,3.0711064438818115e-67,5.182288866088704e-39,3.08814679162665e-57,6.57283348517085e-47,9.769942961114819e-27,2.4036331734128345e-92,3.3274856247735466e-38,8.202941074421288e-62,8.794185619807447e-65,4.131435169146977e-95,1.5400268304533156e-13,1.4988220288401892e-73,4.3515364660116526e-08
3.0423623000460847e-13,0.05820194281292722,0.0,0.01445149618417145,0.031075110263184432,0.31940968187635516,0.3504847921393755,0.20701222018021495,0.09201814932442752,0.0,5.0903978675117734e-40,1.63852474776046e-13,1.0180794829672322e-39,0.0,3.37887475805247e-82,1.2480803982571626e-46,4.187049821042911e-67,5.866391526741509e-39,3.7193931648917886e-57,7.916382733166488e-47,1.0394814563901657e-26,3.277038229242828e-92,3.5403067785737774e-38,9.879699710821789e-62,1.198971739403837e-64,6.212285637877263e-95,1.6385247477605632e-13,1.9206502449657354e-73,4.6216278369986815e-08
3.225250200066062e-13,0.05820194281292722,0.0,0.014451493492940958,0.031075110263184432,0.31940968187635516,0.3504847921393657,0.20701222018021495,0.09201814663319702,0.0,6.064697832427317e-40,1.7370226650676984e-13,1.212939458621957e-39,0.0,5.0831579908565344e-82,1.4867079911639053e-46,5.6061090996035115e-67,6.592892526274185e-39,4.4312834187339417e-57,9.431574987274427e-47,1.1019686166688448e-26,4.3876803067883665e-92,3.7531279234339146e-38,1.1770669990975173e-61,1.605322953491741e-64,9.129219363791606e-95,1.737022665067808e-13,2.4258153002964536e-73,4.890750886310835e-08
3.591026000106016e-13,0.05820194281292722,0.0,0.014451488139390881,0.031075110263184432,0.31940968187635516,0.35048479213934597,0.20701222018021495,0.09201814127964696,0.0,8.370946806439512e-40,1.934018499682167e-13,1.6741892124066725e-39,0.0,1.0779347607350735e-81,2.0514697716110368e-46,9.592240499332078e-67,8.17308953237732e-39,6.116386802346364e-57,1.3018160953918143e-46,1.226942937226191e-26,7.507469520834078e-92,4.1787701864619706e-38,1.6246753769617227e-61,2.746761910552929e-64,1.8580403138120402e-94,1.9340184996822892e-13,3.728015208193686e-73,5.426105893821921e-08
3.9568018001459706e-13,0.05820194281292722,0.0,0.014451482824158698,0.031075110263184432,0.31940968187635516,0.35048479213932626,0.20701222018021495,0.09201813596441479,0.0,1.1198292894027481e-39,2.1310143342966245e-13,2.2396583796385846e-39,0.0,2.1252003332043397e-81,2.7437191615484976e-46,1.557887301895516e-66,9.92287986532462e-39,8.182239410856731e-57,1.7415136265281035e-46,1.35191725778352e-26,1.2192973390256281e-91,4.604412414112685e-38,2.1734208984497128e-61,4.4610497301072254e-64,3.537932802762838e-94,2.1310143342967586e-13,5.495159805878412e-73,5.9576291121871366e-08
4.322577600185925e-13,0.05820194281292722,0.0,0.014451477546970147,0.031075110263184432,0.31940968187635516,0.35048479213930656,0.20701222018021495,0.09201813068722621,0.0,1.4599814160794511e-39,2.328010168911071e-13,2.919962572494334e-39,0.0,3.945763144763148e-81,3.576430740951544e-46,2.423932193851948e-66,1.1842263506249465e-38,1.0667623712659142e-56,2.2705045801544882e-46,1.476891578340832e-26,1.8971169845190624e-91,5.030054606639204e-38,2.8336052209767843e-61,6.940992110581908e-64,6.375476970438945e-94,2.328010168911218e-13,7.826618238948444e-73,6.485347967339373e-08
4.688353400225879e-13,0.05820194281292722,0.0,0.014451472307552933,0.031075110263184432,0.31940968187635516,0.35048479213928685,0.20701222018021495,0.09201812544780902,0.0,1.8628588672344888e-39,2.525006003525507e-13,3.725717403150758e-39,0.0,6.966536435448302e-81,4.562579089795869e-46,3.6383415971948593e-66,1.3931240436490149e-38,1.3611322176148414e-56,2.8970434442892997e-46,1.601865898898127e-26,2.8475880640933755e-91,5.455696764292859e-38,3.61553000195842e-61,1.0418485758085247e-63,1.0968475923579185e-93,2.525006003525666e-13,1.0831390738846194e-72,7.009289688911835e-08
5.054129200265834e-13,0.05820194281292722,0.0,0.014451467105636705,0.031075110263184432,0.31940968187635516,0.35048479213926714,0.20701222018021495,0.09201812024589277,0.0,2.3337694494282277e-39,2.722001838139931e-13,4.6675384837845736e-39,0.0,1.1785478273832456e-80,5.715138788057212e-46,5.29700828900064e-66,1.6189810637587886e-38,1.7052117269718905e-56,3.629384706950774e-46,1.7268402194554052e-26,4.1457621639582956e-91,5.881338887323189e-38,4.529496898809965e-61,1.5168122314231012e-63,1.8139107314364052e-93,2.7220018381401034e-13,1.462810865473392e-72,7.529481311638273e-08
5.419905000305788e-13,0.05820194281292722,0.0,0.014451461940953052,0.031075110263184432,0.31940968187635516,0.35048479213924744,0.20701222018021495,0.0920181150812091,0.0,2.8780209692209582e-39,2.9189976727543445e-13,5.756041426572338e-39,0.0,1.921862537882118e-80,7.047084415711312e-46,7.511998385500769e-66,1.8617974091284904e-38,2.1028791461764393e-56,4.475782856157024e-46,1.8518145400126664e-26,5.879349121553653e-91,6.306980975977941e-38,5.5858075689466084e-61,2.151080623235908e-63,2.899179973625838e-93,2.9189976727545293e-13,1.9345034477486348e-72,8.045949676749256e-08
6.151456600385698e-13,0.05820194281292722,0.0,0.01445145172221942,0.031075110263184432,0.31940968187635516,0.350484792139208,0.20701222018021495,0.09201810486247548,0.0,4.207778047844697e-39,3.3129893419831374e-13,8.415555347316258e-39,0.0,4.664085956565465e-80,1.0301031779102051e-45,1.4147665317910481e-65,2.3983080684439023e-38,3.0744907014856547e-56,6.54376776627653e-46,2.1017631811271378e-26,1.1072828986654861e-90,7.15826505114285e-38,8.166666858736163e-61,4.0512218921722034e-63,6.800797243646983e-93,3.312989341983347e-13,3.210071548256986e-72,9.067823039823716e-08
6.769186181189169e-13,0.05820194281292722,0.0,0.01445144320700544,0.031075110263184432,0.31940968187635516,0.3504847921391748,0.20701222018021495,0.09201809634726149,0.0,5.6069709753017123e-39,3.645679898119099e-13,1.121394095337724e-38,0.0,9.114432429877996e-80,1.3724513670948335e-45,2.2828443129429926e-65,2.904169302620153e-38,4.096836841452049e-56,8.719736525413752e-46,2.3128223453489586e-26,1.7866938457180661e-90,7.877097841774475e-38,1.0882290729503692e-60,6.53698637449604e-63,1.2979736816745282e-92,3.64567989811933e-13,4.707049491327262e-72,9.919344437858e-08
7.386915761992641e-13,0.05820194281292722,0.0,0.014451434794466771,0.031075110263184432,0.31940968187635516,0.3504847921391415,0.20701222018021495,0.09201808793472283,0.0,7.286322166099688e-39,3.978370454255028e-13,1.4572643036292675e-38,0.0,1.6796936373092677e-79,1.783313435573951e-45,3.532719803085787e-65,3.45840043980211e-38,5.323885787933225e-56,1.1331396186556729e-45,2.5238815095707307e-26,2.764923150983203e-90,8.595930537608577e-38,1.4141659821240317e-60,1.0116039188948252e-62,2.3444623682011337e-92,3.9783704542552795e-13,6.675066613858596e-72,1.0760598304800673e-07
7.942872384715766e-13,0.05820194281292722,0.0,0.014451427309945806,0.031075110263184432,0.31940968187635516,0.3504847921391116,0.20701222018021495,0.09201808045020186,0.0,9.058403978059943e-39,4.2777919547773383e-13,1.811680634504009e-38,0.0,2.791051947951247e-79,2.2168338558208888e-45,5.077864336572723e-65,3.998564723530645e-38,6.618690074468902e-56,1.4087266792955824e-45,2.7138347573702843e-26,3.974248173204295e-90,9.242879883752143e-38,1.7581005157449478e-60,1.4540603143902956e-62,3.83515019763528e-92,4.277791954777609e-13,8.923052495931623e-72,1.1509050401358578e-07
8.498829007438891e-13,0.05820194281292722,0.0,0.014451419906696645,0.031075110263184432,0.31940968187635516,0.3504847921390817,0.20701222018021495,0.09201807304695271,0.0,1.109676029210634e-38,4.577213455299623e-13,2.219351861060162e-38,0.0,4.480739018281975e-79,2.7154684616834584e-45,7.1217780288467715e-65,4.5779086161316703e-38,8.108052741079925e-56,1.7257236832338032e-45,2.9037880051697986e-26,5.573940605065748e-90,9.889829154859015e-38,2.1537149413841818e-60,2.039340643668902e-62,6.072547891152369e-92,4.577213455299912e-13,1.169605951995717e-71,1.2249375317600753e-07
9.054785630162016e-13,0.05820194281292722,0.0,0.014451412583836785,0.031075110263184432,0.31940968187635516,0.35048479213905176,0.20701222018021495,0.09201806572409285,0.0,1.3420028833450448e-38,4.876634955821882e-13,2.6840055280085594e-38,0.0,6.981247932359875e-79,3.283773121082013e-45,9.77650682580357e-65,5.196432111809586e-38,9.805591785723416e-56,2.087029094792575e-45,3.093741252969274e-26,7.651694490854336e-90,1.0536778351743756e-37,2.604626562309007e-60,2.799529573777298e-62,9.345919870268203e-92,4.87663495582219e-13,1.5070095148136982e-71,1.298166130370765e-07
9.61074225288514e-13,0.05820194281292722,0.0,0.014451405340493302,0.031075110263184432,0.31940968187635516,0.35048479213902184,0.20701222018021495,0.09201805848074937,0.0,1.6046847327303823e-38,5.176056456344115e-13,3.209369180060031e-38,0.0,1.0593886679754512e-78,3.926303701936994e-45,1.3169746039076307e-64,5.854135204865762e-38,1.172492520635647e-55,2.49554137829414e-45,3.28369450076871e-26,1.0307452027498464e-89,1.1183727475212083e-37,3.1144526817866893e-60,3.771193009935664e-62,1.402719140745633e-91,5.176056456344442e-13,1.912630709764653e-71,1.3705995651611217e-07
1e-12,0.05820194281292722,0.0,0.014451400315869348,0.031075110263184432,0.31940968187635516,0.3504847921390009,0.20701222018021495,0.09201805345612542,0.0,1.8076690820107696e-38,5.38569896075416e-13,3.615337842519083e-38,0.0,1.39874382679406e-78,4.422796071561376e-45,1.6061744017844485e-64,6.337950915797306e-38,1.3208067822989076e-55,2.811214502393268e-45,3.416691879113405e-26,1.2570907376842813e-89,1.1636694350594904e-37,3.5084148963455765e-60,4.599324634062377e-62,1.8390758495208636e-91,5.3856989607545e-13,2.2418341253152023e-71,1.4208458047236974e-07
1.0143018537787813e-12,0.05820194281292722,0.0,0.014451398479382259,0.031075110263184432,0.31940968187635516,0.3504847921389932,0.20701222018021495,0.09201805161963833,0.0,1.886342664996273e-38,5.462724439787341e-13,3.7726849944976224e-38,0.0,1.5448957518536073e-78,4.615225639253603e-45,1.7243633394030083e-64,6.520536102707463e-38,1.3782910879326375e-55,2.933564505303097e-45,3.4655569067755425e-26,1.3495926637424352e-89,1.1803120471086157e-37,3.661108535486343e-60,4.937761927641816e-62,2.0262489134737002e-91,5.462724439787685e-13,2.372861441570961e-71,1.4392106756183252e-07
1.0675294822690484e-12,0.05820194281292722,0.0,0.01445139168961684,0.031075110263184432,0.31940968187635516,0.35048479213896455,0.20701222018021495,0.09201804482987291,0.0,2.1991687909070724e-38,5.749392423230543e-13,4.398337190681622e-38,0.0,2.2098867071273173e-78,5.380359210112766e-45,2.2268554546532984e-64,7.222850048554144e-38,1.6068632712458623e-55,3.4200591578030086e-45,3.6474193127823387e-26,1.7428738742214315e-89,1.2422513401087352e-37,4.26825718400299e-60,6.376662004127571e-62,2.873543181999054e-91,5.749392423230906e-13,2.911542363565454e-71,1.5071083298230554e-07
1.1207571107593156e-12,0.05820194281292722,0.0,0.014451384970455153,0.031075110263184432,0.31940968187635516,0.3504847921389359,0.20701222018021495,0.09201803811071123,0.0,2.544798727144206e-38,6.036060406673722e-13,5.089597001683977e-38,0.0,3.10654039315525e-78,6.22570257066546e-45,2.8402078239607118e-64,7.961077037647515e-38,1.8594041640952328e-55,3.9575689812989754e-45,3.8292817187890987e-26,2.2229211309542482e-89,1.3041906265900437e-37,4.939073114297096e-60,8.133013479727837e-62,4.007800818098685e-91,6.036060406674103e-13,3.5371193518474864e-71,1.5742999466889629e-07
1.1739847392495828e-12,0.05820194281292722,0.0,0.014451378321163022,0.031075110263184432,0.31940968187635516,0.35048479213890726,0.20701222018021495,0.0920180314614191,0.0,2.9248680903890947e-38,6.322728390116878e-13,5.84973566057663e-38,0.0,4.2985847687585677e-78,7.155253877062731e-45,3.581828908689297e-64,8.735217065306173e-38,2.13710886000066e-55,4.548637621296093e-45,4.0111441247958226e-26,2.8033593636071553e-89,1.3661299066203076e-37,5.676730813329119e-60,1.0256665957689652e-61,5.505816486366556e-91,6.322728390117276e-13,4.258470170970547e-71,1.6407928679804416e-07
1.22721236773985e-12,0.05820194281292722,0.0,0.01445137174101391,0.031075110263184432,0.31940968187635516,0.3504847921388786,0.20701222018021495,0.09201802488126998,0.0,3.3410124973231643e-38,6.609396373560009e-13,6.682024400431526e-38,0.0,5.862976335171674e-78,8.173011285455707e-45,4.470861111273322e-64,9.545270126924527e-38,2.4411724524820526e-55,5.195808723299461e-45,4.1930065308025114e-26,3.499170589940498e-89,1.4280691802665876e-37,6.484404768059512e-60,1.2802434226739077e-61,7.459906743154305e-91,6.609396373560427e-13,5.084904474450818e-71,1.7065943591229552e-07
